"","Date","Minimum temperature (°C)","Maximum temperature (°C)","Rainfall (mm)","Evaporation (mm)","Sunshine (hours)","Direction of maximum wind gust ","Speed of maximum wind gust (km/h)","Time of maximum wind gust","9am Temperature (°C)","9am relative humidity (%)","9am cloud amount (oktas)","9am wind direction","9am wind speed (km/h)","9am MSL pressure (hPa)","3pm Temperature (°C)","3pm relative humidity (%)","3pm cloud amount (oktas)","3pm wind direction","3pm wind speed (km/h)","3pm MSL pressure (hPa)"
"JAN","2021-01-1",14.4,19.7,0,NA,NA,"ESE",35,"12:39",15.9,71,8,"SE","17",1021.7,18.5,59,8,"ESE","17",1019.1
"JAN","2021-01-2",13,22.3,0,NA,NA,"E",37,"16:02",16.9,59,8,"E","7",1015.7,20.6,60,8,"E","17",1011.7
"JAN","2021-01-3",15.7,26.7,5.8,NA,NA,"NNW",31,"13:28",17.9,94,8,NA,"Calm",1008.1,24.1,60,8,"NW","17",1005.8
"JAN","2021-01-4",14.6,24.8,7.2,NA,NA,"WNW",56,"13:28",21.6,74,7,"W","6",1006.3,16.3,97,8,"SSW","13",1007.6
"JAN","2021-01-5",14.1,28,5.4,NA,NA,"NW",39,"13:16",19.2,77,4,"W","9",1008,26.6,41,2,"NW","20",1006.2
"JAN","2021-01-6",13,24.7,0.2,NA,NA,"ESE",46,"13:23",18.2,68,8,"SE","11",1014,19.1,76,7,"ESE","33",1013.4
"JAN","2021-01-7",8.3,24.3,0,NA,NA,"ENE",44,"17:21",16.6,57,NA,"SSE","19",1020.8,22.3,37,3,"E","26",1019.2
"JAN","2021-01-8",8.2,22.2,0,NA,NA,"SE",39,"12:22",15.5,61,8,"ESE","17",1023.7,20.8,42,7,"ESE","19",1022.1
"JAN","2021-01-9",7.1,27.7,0,NA,NA,"NE",31,"18:27",17.3,61,NA,"SSE","6",1022.6,26.1,35,1,"WNW","11",1018.7
"JAN","2021-01-10",10.7,31.8,0,NA,NA,"ENE",37,"17:57",19.9,60,NA,"SSW","7",1020,29,32,8,"NE","17",1016.1
"JAN","2021-01-11",10.2,32.5,0,NA,NA,"N",31,"15:21",20.5,55,NA,"NE","2",1017.6,31.5,24,NA,"WSW","19",1013.2
"JAN","2021-01-12",12,33.7,0,NA,NA,"E",70,"16:55",22.1,49,NA,"SW","7",1014.9,32.8,25,NA,"WNW","26",1011.8
"JAN","2021-01-13",14.4,34.5,1.8,NA,NA,"N",67,"20:06",21.5,64,NA,"E","2",1016.4,32,27,2,"W","17",1011.9
"JAN","2021-01-14",14.1,32.9,1,NA,NA,"NW",56,"16:46",25,50,NA,"NW","24",1009.7,31.3,22,NA,"W","30",1007.2
"JAN","2021-01-15",10.9,27.9,0,NA,NA,"NW",57,"13:47",19.2,63,3,"NNW","13",1007.2,27.2,22,NA,"NW","39",1001.9
"JAN","2021-01-16",9,23.5,0,NA,NA,"NW",52,"15:16",13.8,37,NA,"WNW","11",1008.6,22.8,24,NA,"WNW","30",1006.8
"JAN","2021-01-17",4.8,27.7,0,NA,NA,"NW",41,"15:55",16,50,NA,"WNW","7",1013,26.8,18,NA,"W","20",1010.8
"JAN","2021-01-18",7.6,30.8,0,NA,NA,"NW",46,"15:38",17.5,61,NA,"SW","7",1013.8,29.7,18,NA,"NNW","26",1009.1
"JAN","2021-01-19",10.5,30.1,0,NA,NA,"E",52,"16:15",19.9,34,NA,"SSE","15",1015.6,28.3,16,7,"WNW","11",1013.7
"JAN","2021-01-20",11.4,24.9,0,NA,NA,"NNE",37,"15:42",15,60,3,"ENE","19",1022.4,22.6,35,4,"N","13",1018.8
"JAN","2021-01-21",8.4,30.5,0,NA,NA,"NW",33,"13:51",16.4,64,NA,"S","7",1018.3,29,23,NA,"W","20",1012.3
"JAN","2021-01-22",11.2,34.1,0,NA,NA,"NW",50,"12:08",22.4,52,NA,"NW","7",1010.9,31.3,20,1,"W","28",1007.5
"JAN","2021-01-23",11.5,35.9,0,NA,NA,"NNW",52,"12:14",21.1,56,NA,NA,"Calm",1012.8,34.6,12,NA,"NW","17",1009.8
"JAN","2021-01-24",13.7,37.5,0,NA,NA,"ESE",48,"18:34",20.8,79,NA,"N","9",1013.6,36.1,16,NA,"WNW","17",1009.2
"JAN","2021-01-25",15.6,38,0,NA,NA,"NNW",46,"12:59",25.4,45,NA,"N","2",1010.1,36.2,23,1,"NW","24",1004.5
"JAN","2021-01-26",18.1,32.7,0,NA,NA,"NW",56,"12:02",26.3,37,8,"NW","35",1002.3,27.4,44,8,"WNW","24",1001.7
"JAN","2021-01-27",16.7,20.1,5,NA,NA,"SE",39,"21:51",17.2,87,8,"SSE","9",1012,19,68,7,"E","20",1014.2
"JAN","2021-01-28",15.9,17.9,0,NA,NA,"ESE",35,"09:55",16.6,73,8,"SE","17",1020.2,15,93,8,"ESE","17",1020.3
"JAN","2021-01-29",13.2,18.8,22.8,NA,NA,"ENE",30,"11:37",15.1,99,8,"S","9",1017.2,17.8,94,8,NA,"Calm",1014.1
"JAN","2021-01-30",15,29.3,7.8,NA,NA,"NW",39,"11:10",18.4,99,8,"N","11",1010.8,28.1,46,NA,"WNW","22",1008.7
"JAN","2021-01-31",17.5,25.2,0.6,NA,NA,"N",39,"13:42",19.5,78,8,"ENE","13",1015.4,24.1,57,NA,"NE","24",1014.4
"FEB","2021-02-1",16.4,28.1,0,NA,NA,"WNW",72,"17:22",18.8,76,8,"ENE","6",1015.4,26.5,50,8,"WSW","13",1009.6
"FEB","2021-02-2",14.9,24.7,28.4,NA,NA,"SE",37,"15:44",16.9,74,8,"SSE","11",1009.9,23.4,40,2,"SSW","17",1008.8
"FEB","2021-02-3",8.3,24.8,0.2,NA,NA,"E",33,"20:25",14.4,67,7,"S","15",1013.5,22.8,41,1,"WNW","13",1009.4
"FEB","2021-02-4",13.2,29.4,0,NA,NA,"NNE",43,"20:06",19,68,1,"ENE","4",1011.1,27.8,42,8,"NW",NA,1007.6
"FEB","2021-02-5",17.1,28.2,2,NA,NA,"NE",50,"20:04",19.7,82,8,NA,"Calm",1010.3,26.6,55,7,"NNE","20",1005.5
"FEB","2021-02-6",18.8,26,30.6,NA,NA,"N",54,"05:07",19.2,99,7,"NNW","30",1001.8,25.2,44,NA,"NNW",NA,1000.6
"FEB","2021-02-7",10.1,27.5,5.4,NA,NA,"E",44,"18:23",18,63,NA,"SE","2",1006.5,26.6,35,NA,"ENE",NA,1005
"FEB","2021-02-8",14.8,24.9,1.4,NA,NA,"E",39,"17:27",15.3,89,8,"SE","6",1013.6,23.1,49,1,"NNW",NA,1010.9
"FEB","2021-02-9",15,21.9,0,NA,NA,"ENE",37,"14:24",16.3,70,8,"ESE","11",1017,20.7,58,7,"ENE","17",1014.8
"FEB","2021-02-10",14.2,24.4,0,NA,NA,"E",35,"19:24",15.6,75,7,"E","13",1016.8,22.7,51,4,"NW",NA,1013.1
"FEB","2021-02-11",14.6,28.3,0,NA,NA,"NW",35,"16:49",16.9,78,8,"N","4",1014.1,26.3,43,4,"N","20",1009.4
"FEB","2021-02-12",15.7,26,0,NA,NA,"NW",43,"10:02",21.7,56,8,"NNW","15",1006.8,20,92,8,"NNW",NA,1005.9
"FEB","2021-02-13",18.5,26.9,2.4,NA,NA,"ENE",46,"13:50",21.2,81,8,"N","7",1006.6,21.5,64,6,"ENE",NA,1008
"FEB","2021-02-14",9.8,24.4,0,NA,NA,"ENE",33,"18:05",16.6,65,NA,"SE","11",1016.1,23.1,41,1,"SW",NA,1014.3
"FEB","2021-02-15",12.6,23.6,0,NA,NA,"ESE",48,"12:07",17,56,7,"SSE","26",1019.4,22.5,42,NA,"E","30",1019
"FEB","2021-02-16",9.9,25.1,0,NA,NA,"E",44,"13:33",17.8,69,8,"S","19",1022.6,24,56,1,"ENE","26",1020.8
"FEB","2021-02-17",12.1,24.3,0,NA,NA,"ESE",41,"17:43",16.7,73,2,"E","15",1024.3,22.7,48,7,"ENE","24",1023.1
"FEB","2021-02-18",11.5,24.2,0,NA,NA,"NE",37,"11:26",17.5,60,7,"SE","15",1025.1,22.7,52,5,"ENE","20",1022.6
"FEB","2021-02-19",12.1,27.2,0,NA,NA,"ENE",28,"19:52",18.3,74,8,"SSE","11",1021.5,25.1,53,5,"SW",NA,1017.5
"FEB","2021-02-20",13.6,30.9,0,NA,NA,"E",30,"20:00",19.9,74,NA,"SE","7",1016.3,29.4,33,NA,"WNW","11",1012.1
"FEB","2021-02-21",14.1,30.3,0,NA,NA,"WSW",37,"15:02",20.3,75,NA,"SW","6",1011.5,26.6,48,8,"W","17",1007.4
"FEB","2021-02-22",13,30.1,0,NA,NA,"NW",43,"15:05",19.1,79,7,"NW","6",1007.2,28.3,43,1,"NNW","19",1004.1
"FEB","2021-02-23",12.8,22.4,0.2,NA,NA,"SSE",35,"13:05",13.4,70,8,"SSE","20",1012.2,20.1,43,7,"S","19",1012.4
"FEB","2021-02-24",6.6,19.7,0.2,NA,NA,"ENE",33,"13:25",14.2,57,5,"SSE","11",1018.1,18.5,60,7,"E","22",1015.2
"FEB","2021-02-25",13.4,24.5,0,NA,NA,"N",30,"13:00",18.3,70,8,"ESE","2",1010.3,21.6,70,7,"NW","19",1007.8
"FEB","2021-02-26",5.8,26.3,2.4,NA,NA,"NW",44,"12:29",16.7,53,NA,"N","11",1009.4,25.4,35,NA,"WNW","22",1007.9
"FEB","2021-02-27",13.7,28,0,NA,NA,"NW",35,"15:27",15.3,84,8,"ESE","11",1013.1,25,41,4,"WSW","11",1010.1
"FEB","2021-02-28",5.6,29.5,0,NA,NA,"WNW",33,"16:06",14.7,61,NA,"SSE","6",1012.4,28.4,24,NA,"WNW","17",1009
"MAR","2021-03-1",10.1,29.2,0,NA,NA,"WNW",54,"13:29",14.2,99,7,"ENE","7",1010.4,28.1,26,NA,"WNW",NA,1007
"MAR","2021-03-2",5.4,25.1,0,NA,NA,"E",43,"18:06",15.1,61,NA,"SSE","15",1011.3,22.9,28,NA,"SW","13",1009.8
"MAR","2021-03-3",9.9,23.3,0,NA,NA,"E",37,"18:56",12.3,59,8,"SE","13",1016,21.5,28,NA,"N",NA,1013.2
"MAR","2021-03-4",8.2,26.2,0,NA,NA,"WNW",44,"15:59",13,69,NA,"ESE","2",1014.4,24.7,33,NA,"WNW","20",1009.4
"MAR","2021-03-5",6.2,26.5,0,NA,NA,"E",39,"20:10",14.5,65,NA,NA,"Calm",1008.2,25.9,26,NA,"WSW","13",1006.3
"MAR","2021-03-6",7.2,24.2,0,NA,NA,"E",44,"18:35",12.2,58,8,"SE","17",1013,21.9,33,NA,"NE",NA,1010.5
"MAR","2021-03-7",6.1,27,0,NA,NA,"WNW",37,"14:14",13,79,NA,"S","4",1014.5,26.1,33,NA,"NNW","17",1010.4
"MAR","2021-03-8",12.1,27.7,0.2,NA,NA,"WNW",59,"14:33",15.4,86,8,"ESE","7",1011.7,25.6,39,8,"NW","20",1008.5
"MAR","2021-03-9",7.2,27.5,3,NA,NA,"NW",46,"13:57",17.8,65,NA,"N","13",1012.3,26.4,33,NA,"NNW",NA,1011.5
"MAR","2021-03-10",12.9,27,0,NA,NA,"S",50,"14:40",17.1,76,7,"NE","7",1020.3,26,39,5,"N","11",1017.8
"MAR","2021-03-11",13.6,25.7,0,NA,NA,"NW",43,"14:42",18.2,77,5,NA,"Calm",1021.3,23.2,53,8,"WNW","11",1017.3
"MAR","2021-03-12",16.3,27,11.2,NA,NA,"ESE",28,"18:07",18.4,91,8,"SE","6",1018.2,25.1,51,NA,"WNW","11",1014.6
"MAR","2021-03-13",12.8,30.1,0,NA,NA,"NW",43,"13:08",16.7,100,6,NA,"Calm",1014.5,28.4,39,NA,"WNW","22",1009.7
"MAR","2021-03-14",10.9,15.9,9.8,NA,NA,"S",39,"07:25",11.2,99,8,"S","19",1013.8,13.6,67,8,"SSE","13",1016
"MAR","2021-03-15",3.5,22.1,10.8,NA,NA,"ENE",30,"18:55",8.5,77,NA,"SE","9",1022.6,20.3,33,NA,"S",NA,1020
"MAR","2021-03-16",6.7,20.5,0,NA,NA,"SE",31,"11:20",12.4,85,8,"SE","9",1026,19.5,55,8,"ESE",NA,1024
"MAR","2021-03-17",10.5,17.5,0,NA,NA,"SSE",31,"07:44",13.8,82,8,"SSE","15",1025.9,15.3,81,8,"ESE","19",1024.8
"MAR","2021-03-18",13.3,21.7,0.2,NA,NA,"ESE",48,"09:46",15.8,89,8,"SSE","11",1025.6,21.1,63,8,"E","30",1024.3
"MAR","2021-03-19",13.9,20.7,0.2,NA,NA,"E",44,"14:23",16.4,77,8,"SE","20",1027.2,17.3,92,8,"E","17",1026.1
"MAR","2021-03-20",14.1,20.7,2.6,NA,NA,"SE",46,"12:41",15.9,82,8,"SSE","20",1025.8,19.4,72,8,"SE","26",1022.8
"MAR","2021-03-21",15.5,17.9,11.2,NA,NA,"E",46,"07:58",16.6,88,8,"E","22",1024.6,17.2,90,8,"ENE","17",1023.5
"MAR","2021-03-22",14.9,16.7,5.8,NA,NA,"E",37,"08:57",15.4,92,8,"E","13",1022.1,16.1,93,8,"ESE",NA,1018.8
"MAR","2021-03-23",14.3,18.6,30.6,NA,NA,"NW",37,"23:00",15.6,99,8,"ESE","13",1007,18,99,8,"ESE","13",999.6
"MAR","2021-03-24",15.6,19.8,23.8,NA,NA,"NW",52,"09:13",18.1,79,6,"NW","30",998.7,18.9,66,8,"NW","28",998.7
"MAR","2021-03-25",14,22.6,0,NA,NA,"WNW",52,"12:40",16.4,93,8,"NNW","19",1003.2,21.5,45,NA,"WNW",NA,1004.1
"MAR","2021-03-26",4.4,21.4,0,NA,NA,"NW",37,"12:58",10.6,84,NA,NA,"Calm",1013.8,20.3,45,4,"WNW","17",1010.7
"MAR","2021-03-27",5.9,21.6,0,NA,NA,"NW",48,"11:06",12.3,84,3,NA,"Calm",1013.2,20.7,48,1,"NW",NA,1010.5
"MAR","2021-03-28",4.4,21,0.8,NA,NA,"NW",33,"13:22",10.3,99,NA,NA,"Calm",1017.5,19.1,42,NA,"NW","20",1015
"MAR","2021-03-29",3.2,22.4,0,NA,NA,"ENE",31,"18:26",9.2,85,NA,NA,"Calm",1020.6,21.9,38,NA,"WNW",NA,1018.1
"MAR","2021-03-30",9.2,22.6,0,NA,NA,"SSE",26,"04:56",11.4,68,1,"SSE","13",1024.1,19.5,31,3,"S",NA,1021.4
"MAR","2021-03-31",4.4,23.4,0,NA,NA,"ENE",30,"17:58",9.9,86,NA,"SSE","9",1025,21.6,29,NA,"NNW",NA,1021.9
"APR","2021-04-1",5,25,0,NA,NA,"N",17,"12:35",9.8,99,NA,NA,"Calm",1025.6,23.4,35,NA,"NNW",NA,1023.3
"APR","2021-04-2",7.4,27.1,0,NA,NA,"E",31,"17:09",14.4,80,NA,"ESE","7",1028.1,26.7,35,NA,"E","19",1025.5
"APR","2021-04-3",5.9,28.3,0,NA,NA,"W",26,"12:42",13.4,75,NA,"E","7",1026.5,27,30,NA,"SW","11",1022.3
"APR","2021-04-4",5.8,28.1,0,NA,NA,"NW",19,"13:59",15.2,69,NA,NA,"Calm",1022.2,27.6,39,NA,"NW",NA,1017.6
"APR","2021-04-5",8.1,25.6,0,NA,NA,"E",35,"19:27",19.1,66,NA,"ESE","11",1021.8,24.6,53,NA,"ENE","13",1019.2
"APR","2021-04-6",10.7,25.3,0,NA,NA,"E",33,"19:05",19.1,78,7,"SSW","7",1023.7,24.4,50,1,"NNE",NA,1020
"APR","2021-04-7",9.7,24.1,0,NA,NA,"ENE",24,"15:46",16.8,84,8,"SE","2",1021.5,22.9,45,1,"E",NA,1016.5
"APR","2021-04-8",10.4,25,0,NA,NA,"NW",28,"16:47",16.7,84,2,"SSE","7",1015.9,24.4,40,NA,"NNW",NA,1009.7
"APR","2021-04-9",10.5,23.6,0,NA,NA,"W",56,"13:33",18.2,66,5,"NW","17",1006.1,22.7,43,NA,"WNW","24",1003.9
"APR","2021-04-10",6,15.8,0,NA,NA,"WNW",57,"13:15",12.9,57,7,"WNW","28",1006.3,14.7,51,5,"WNW","30",1006.2
"APR","2021-04-11",3.6,14.6,0.2,NA,NA,"SSW",50,"05:16",9.2,49,NA,"W","28",1010.1,13.1,40,8,"WNW","26",1011.1
"APR","2021-04-12",-2.6,16.9,0,NA,NA,"W",28,"11:30",7.8,67,NA,"WNW","9",1019.6,16.1,42,NA,"WNW",NA,1018.1
"APR","2021-04-13",-1.1,19.3,0,NA,NA,"NW",33,"15:00",8.4,77,NA,"SSW","7",1022.5,18.5,39,NA,"NNW","20",1017.5
"APR","2021-04-14",8.4,20.7,0,NA,NA,"NW",54,"11:03",16.5,42,7,"NW","33",1014.5,18.7,34,5,"NW",NA,1013
"APR","2021-04-15",5.4,19.8,0,NA,NA,"NNW",43,"13:33",15.1,50,1,"WNW","17",1016,19,39,NA,"NNW","26",1013.3
"APR","2021-04-16",0.6,19.4,0,NA,NA,"E",37,"18:23",9.9,73,NA,"SSW","4",1022,19.1,31,NA,"NW",NA,1020
"APR","2021-04-17",3.2,19.4,0,NA,NA,"E",24,"18:51",10.8,84,8,"SE","6",1023.8,18.3,41,NA,"NNE",NA,1019.8
"APR","2021-04-18",3.6,18.3,0,NA,NA,"N",28,"14:17",9.8,99,8,"S","4",1022.7,18.2,35,NA,"N",NA,1018.8
"APR","2021-04-19",0,19.1,0,NA,NA,"N",41,"14:14",9.4,70,NA,"NNW","2",1019.1,18.1,45,NA,"NNW","30",1014.7
"APR","2021-04-20",0.9,18.9,0,NA,NA,"NW",50,"13:22",13.8,59,NA,"NW","13",1015.2,18,41,2,"WNW","28",1010.5
"APR","2021-04-21",3.4,16.1,1.2,NA,NA,"SSW",37,"09:05",8.7,61,NA,"SSW","17",1014.9,14.3,38,NA,"WSW",NA,1013.1
"APR","2021-04-22",-1.7,14.5,0,NA,NA,"WNW",43,"15:33",8.7,63,NA,"NW","13",1012.9,13.1,49,5,"WNW","30",1012
"APR","2021-04-23",0.5,18.3,0,NA,NA,"WNW",37,"15:37",11.3,63,NA,"S","4",1017.5,17,39,NA,"WNW","22",1016
"APR","2021-04-24",-2.7,18.8,0,NA,NA,"NW",35,"16:16",7,79,NA,"SSW","4",1023,18.1,40,NA,"NW","17",1019.5
"APR","2021-04-25",-0.7,18.6,0,NA,NA,"WNW",26,"13:08",8.3,84,NA,"SW","9",1025.4,18.6,41,NA,"WNW","13",1022
"APR","2021-04-26",-1,19.4,0,NA,NA,"W",20,"13:16",7.6,87,NA,"N","7",1026.4,18.4,43,NA,"NW","13",1023.3
"APR","2021-04-27",0.5,20.6,0,NA,NA,"N",24,"13:52",9.8,75,NA,"ESE","9",1028.4,19.8,32,NA,"NNW",NA,1024.3
"APR","2021-04-28",5.8,20.7,0,NA,NA,"WNW",24,"11:48",13.2,78,2,"W","7",1026.1,19.2,39,2,"N",NA,1022.6
"APR","2021-04-29",1.9,21.4,0,NA,NA,"WNW",17,"12:34",9.2,98,NA,"SW","2",1025.4,20.8,33,NA,"NNW",NA,1022.5
"APR","2021-04-30",2.3,21.6,0,NA,NA,"NNW",20,"13:37",10.2,89,NA,"SE","9",1029.5,20.7,37,1,"NNE","11",1026.7
"MAY","2021-05-1",3.6,21.5,0,NA,NA,"SSW",31,"13:19",11.8,88,NA,"NW","2",1030.9,21,41,NA,"NNW",NA,1028.1
"MAY","2021-05-2",3.4,21.3,0,NA,NA,"NW",30,"12:24",10.4,100,8,NA,"Calm",1029.7,21,51,NA,"NNW",NA,1025.3
"MAY","2021-05-3",2.5,22.3,0,NA,NA,"SSW",39,"18:46",10.5,94,NA,"NW","4",1024.5,21.4,48,8,"NW","19",1019
"MAY","2021-05-4",9.9,13.3,25.4,NA,NA,"SSW",17,"09:45",11,100,8,"E","6",1018.3,12.3,93,8,"SE",NA,1016.6
"MAY","2021-05-5",10.3,15.8,12.4,NA,NA,"SSW",35,"12:58",13.3,90,7,"SSW","17",1018.6,14.5,84,8,"S","26",1017.7
"MAY","2021-05-6",11.6,19.8,0.6,NA,NA,"SE",54,"13:52",15.4,74,2,"SSE","20",1019.3,17.9,71,8,"SE","30",1016.3
"MAY","2021-05-7",12,20.6,0.2,NA,NA,"ESE",28,"13:45",15.4,88,8,"SE","11",1015.7,18.4,75,6,"ESE","13",1012.5
"MAY","2021-05-8",8.7,19.8,0.4,NA,NA,"NW",30,"13:06",11.4,100,8,NA,"Calm",1015.5,18,48,8,"WNW","17",1014.4
"MAY","2021-05-9",6.6,20.4,0,NA,NA,"NW",31,"14:23",12.3,81,NA,"S","7",1020.9,16.6,64,NA,"NW","19",1017.5
"MAY","2021-05-10",3.3,18.2,0,NA,NA,"NW",44,"11:11",9.2,100,8,"S","7",1016.6,17.7,63,8,"NNW","24",1012.5
"MAY","2021-05-11",8,14.8,2.8,NA,NA,"N",24,"01:08",11.5,94,8,"NNW","13",1016.1,13.8,68,1,"NNW","17",1016.8
"MAY","2021-05-12",5.7,18.5,0,NA,NA,"E",30,"15:20",12,86,6,"SSE","6",1022.3,17,52,NA,"ENE","13",1019.2
"MAY","2021-05-13",1,17.6,0,NA,NA,"WNW",41,"14:19",8.8,92,NA,"N","4",1016.8,15.7,49,6,"WNW","24",1011.7
"MAY","2021-05-14",7,13.7,0,NA,NA,"WNW",44,"04:28",9.9,50,NA,"NW","20",1013.9,12,49,5,"WNW","24",1013.1
"MAY","2021-05-15",6.1,12.1,0,NA,NA,"WNW",63,"08:54",9.2,62,2,"WNW","43",1010.8,11.4,45,3,"W","26",1013.5
"MAY","2021-05-16",-5.4,12.9,0,NA,NA,"NW",48,"14:29",1.8,83,NA,NA,"Calm",1022.6,11.1,49,NA,"NW",NA,1018.6
"MAY","2021-05-17",1.8,14.3,0,NA,NA,"NNW",39,"01:19",8.7,74,NA,"N","13",1023.4,13.2,53,1,"NNW","26",1023
"MAY","2021-05-18",-3.6,12.8,0,NA,NA,"N",26,"12:46",2.3,99,8,"NNE","7",1030.1,12.2,52,NA,"NNW","17",1027
"MAY","2021-05-19",-3.8,12.5,0.2,NA,NA,"WSW",19,"14:54",2.2,100,8,"E","6",1030,12.1,64,NA,"WSW","13",1026.7
"MAY","2021-05-20",-1.9,14.7,0.2,NA,NA,"NNW",17,"14:56",4.3,100,8,"E","7",1029.3,13.4,60,8,"NNW","13",1026.9
"MAY","2021-05-21",-1.6,17.4,0,NA,NA,"SW",15,"16:12",7,82,NA,"SE","9",1032.3,17.2,43,NA,"WNW",NA,1028.6
"MAY","2021-05-22",2.1,17.4,0,NA,NA,"SE",20,"05:01",5.4,78,NA,"SSE","9",1029.6,17.1,36,NA,"WNW",NA,1025.2
"MAY","2021-05-23",-3,18,0,NA,NA,"E",28,"18:15",5.4,86,NA,NA,"Calm",1029.4,16,52,NA,"E","13",1027
"MAY","2021-05-24",3.4,17.6,0,NA,NA,"ENE",19,"12:21",10.5,95,8,"SSW","7",1032.2,16,62,4,"NE",NA,1028.4
"MAY","2021-05-25",4,18.7,0.2,NA,NA,"NNW",39,"13:46",6.8,100,8,NA,"Calm",1026.4,18,48,2,"NNW","28",1019.4
"MAY","2021-05-26",6.7,13.9,5,NA,NA,"NNW",54,"01:03",10.3,73,NA,"N","13",1017.3,12.6,52,3,"WNW","33",1017.3
"MAY","2021-05-27",-3.5,14.6,0,NA,NA,"WNW",39,"14:09",4.5,94,NA,NA,"Calm",1025.5,13.8,45,NA,"WNW","26",1022.4
"MAY","2021-05-28",-0.1,11.8,0,NA,NA,"S",46,"12:00",6.9,77,NA,"ESE","9",1026.2,10.7,39,NA,"S",NA,1026.6
"MAY","2021-05-29",-3.4,12.5,0,NA,NA,"S",39,"08:57",5.6,64,NA,"S","30",1031,12,41,NA,"SSW",NA,1028.3
"MAY","2021-05-30",-4.1,13.6,0.2,NA,NA,"ESE",19,"09:49",4,82,NA,"N","6",1030.7,13.4,40,NA,"NW",NA,1027
"MAY","2021-05-31",-6.3,15.7,0,NA,NA,"NNW",24,"14:50",0.8,99,NA,"NNW","6",1027,15.1,32,NA,"NNW",NA,1023.1
"JUN","2021-06-1",-5.2,14.5,0,NA,NA,"NNW",30,"14:18",2,94,NA,NA,"Calm",1024.5,12.4,59,4,"NNW","19",1022.7
"JUN","2021-06-2",1.9,17.4,0,NA,NA,"WNW",28,"15:02",7.8,88,5,NA,"Calm",1023.3,16.8,43,NA,"NW","15",1019.7
"JUN","2021-06-3",6.1,10.5,10.4,NA,NA,"SE",17,"13:29",8.1,100,NA,NA,"Calm",1017.1,10.5,99,8,"SSE","9",1012.1
"JUN","2021-06-4",3.5,14.2,9.4,NA,NA,"WNW",39,"15:54",6,100,8,"SSE","2",1013.8,14,55,8,"WNW","20",1012.7
"JUN","2021-06-5",-4.8,10.4,0.2,NA,NA,"NNW",41,"15:47",0.4,97,2,"N","7",1024.1,10.1,66,NA,"NNW","24",1021.1
"JUN","2021-06-6",-2.5,14.5,0,NA,NA,"NNW",28,"16:24",3,86,NA,"NNW","4",1026.7,13.6,61,NA,"N","17",1023.9
"JUN","2021-06-7",0.2,14.5,0,NA,NA,"NNW",30,"14:03",5.4,100,8,"N","4",1024.9,13,64,1,"NNW","22",1019.7
"JUN","2021-06-8",-0.3,15,0.2,NA,NA,"NW",44,"12:35",8.7,76,4,"WSW","4",1012.7,14.3,47,NA,"N","30",1007.1
"JUN","2021-06-9",2.4,10,4,NA,NA,"NNW",28,"15:10",4.6,95,3,"S","4",1005.5,9.5,64,1,"NW","15",1001.4
"JUN","2021-06-10",1.4,9.3,10.8,NA,NA,"E",37,"10:59",5.4,85,NA,"SE","17",1005,8,73,8,"SE","20",1005.7
"JUN","2021-06-11",4.9,13.5,8,NA,NA,"NNW",43,"22:28",9.1,82,8,"SW","15",1012,11.9,66,8,"SSE","7",1011.7
"JUN","2021-06-12",5.4,9.4,0,NA,NA,"NW",48,"04:06",6.7,86,8,"NNW","30",1016.1,8.5,83,7,"NNW","24",1016.3
"JUN","2021-06-13",4.3,13.8,0,NA,NA,"NNW",31,"01:38",8.2,83,NA,"NNW","17",1019,12,60,3,"N","17",1016.1
"JUN","2021-06-14",4.2,13,0,NA,NA,"NNW",13,"11:49",6.6,99,8,"N","7",1018.8,12.5,71,8,NA,"Calm",1016.6
"JUN","2021-06-15",1.9,14.5,0,NA,NA,"NNW",15,"13:16",6.2,100,8,"E","4",1020.1,13.6,51,6,"NW","9",1016.9
"JUN","2021-06-16",0.6,11.3,0,NA,NA,"NW",30,"13:59",5.6,100,8,"E","7",1018.7,9,97,8,"E","11",1013.2
"JUN","2021-06-17",5,9.7,29.4,NA,NA,"NW",44,"10:28",7.3,85,NA,"NW","30",1010.9,8,82,8,"NNW","24",1008.9
"JUN","2021-06-18",3.8,12.5,0,NA,NA,"NW",37,"00:58",5.8,100,8,"S","9",1009.9,11.5,60,8,"WNW","11",1008.3
"JUN","2021-06-19",5.7,13,1.8,NA,NA,"S",70,"09:15",9.5,63,2,"S","39",1017.9,11.3,56,3,"S","33",1019.8
"JUN","2021-06-20",2.8,12.3,0,NA,NA,"S",41,"00:29",8.8,63,NA,"S","24",1026.8,10.7,57,8,"SSW","28",1025.7
"JUN","2021-06-21",-1.7,13.2,0,NA,NA,"SE",19,"14:53",4,95,NA,"SSW","6",1030.2,12,58,7,"ESE","11",1027.7
"JUN","2021-06-22",-0.4,14.9,0,NA,NA,"N",28,"14:01",5.8,95,NA,NA,"Calm",1033.4,12.3,55,4,"NNE","13",1029.7
"JUN","2021-06-23",1.4,12.3,0,NA,NA,"NNW",43,"21:45",3.7,100,1,NA,"Calm",1027.6,11.7,72,8,"N","17",1021.8
"JUN","2021-06-24",3.7,12.4,11,NA,NA,"N",69,"09:04",12.3,91,7,"N","43",1013.3,12,99,7,"NNW","30",1010.8
"JUN","2021-06-25",7.3,12.6,19.2,NA,NA,"NNW",50,"12:43",8.7,91,8,"NNW","19",1016,9.3,91,7,"NW","26",1015.1
"JUN","2021-06-26",4.8,12.1,11.2,NA,NA,"WNW",37,"12:16",8.1,95,8,"NNW","20",1019.6,11,63,5,"NW","17",1019.6
"JUN","2021-06-27",2.8,12.7,0,NA,NA,"N",35,"15:01",6.2,79,NA,"N","13",1027.1,11.2,66,3,"N","28",1027
"JUN","2021-06-28",-2.2,13.6,0,NA,NA,"WNW",15,"13:41",1.4,99,8,"S","4",1034.3,12.3,59,8,"ENE","9",1032
"JUN","2021-06-29",-1.7,14.2,0.2,NA,NA,"NE",24,"14:55",3.8,99,8,"ESE","9",1036.6,13.3,61,4,"NE","19",1033.2
"JUN","2021-06-30",3.8,16.9,0,NA,NA,"N",19,"11:59",11.1,83,8,"S","7",1032.6,14.6,60,8,"E","9",1027.8
"JUL","2021-07-1",2.6,11.5,0,NA,NA,"SE",19,"02:52",6.6,100,8,NA,"Calm",1026.7,11.3,82,8,NA,"Calm",1023.3
"JUL","2021-07-2",6.6,12.8,7.6,NA,NA,"NW",35,"12:04",9.3,99,8,"NNW","15",1019.6,11.6,82,8,"NW","20",1018
"JUL","2021-07-3",6.4,12.6,1,NA,NA,"NW",43,"14:08",8.6,86,NA,"N","17",1019.4,9.9,64,7,"WNW","24",1017.1
"JUL","2021-07-4",2.1,10.4,0,NA,NA,"NW",41,"11:33",6.2,78,2,"NNW","22",1022.5,7.5,58,5,"WNW","22",1020.4
"JUL","2021-07-5",-1.6,11.9,0,NA,NA,"WNW",37,"15:45",4.4,99,8,NA,"Calm",1023,11.5,56,NA,"NNW","17",1020
"JUL","2021-07-6",-3.1,6.3,0,NA,NA,"SE",17,"06:09",1,99,8,"SSE","9",1023.5,5.8,74,NA,"NW","9",1022.5
"JUL","2021-07-7",-4.7,12.4,0,NA,NA,"NNE",19,"14:58",0.9,99,7,"ENE","6",1027.2,11.7,47,8,"N","13",1024.2
"JUL","2021-07-8",-5.1,12,0.2,NA,NA,"NW",22,"14:35",-0.8,99,8,"N","7",1025.4,11.1,44,8,"NNW","13",1021.3
"JUL","2021-07-9",-0.8,14.9,0,NA,NA,"E",39,"15:41",3,92,7,"N","7",1017.5,14.6,49,7,"NW","11",1013.2
"JUL","2021-07-10",-2.8,11.7,5.4,NA,NA,"S",37,"09:51",4.5,90,NA,"ESE","4",1022.3,10.9,66,8,"S","22",1023.1
"JUL","2021-07-11",-0.6,13,0.2,NA,NA,"SE",19,"04:22",6.7,81,1,"SE","9",1029.5,12.5,57,8,"NW","9",1026.1
"JUL","2021-07-12",-1.2,13.8,0,NA,NA,"NNW",31,"15:26",2.7,100,8,NA,"Calm",1025.3,13,54,NA,"NNW","20",1020.6
"JUL","2021-07-13",0.7,14.3,0.2,NA,NA,"NNW",37,"14:04",8.3,99,NA,"NNW","6",1019.4,12,56,7,"NNW","20",1016
"JUL","2021-07-14",0.9,12.5,0,NA,NA,"NNW",59,"15:17",8.4,70,4,"NNW","15",1013,9.2,83,7,"NNW","37",1009.3
"JUL","2021-07-15",8,15.3,0.2,NA,NA,"WNW",50,"15:51",10.6,87,8,"NNW","17",1006.8,13.4,64,1,"NNW","26",1003.1
"JUL","2021-07-16",5.5,10.7,4.2,NA,NA,"NNW",59,"22:30",8.9,97,8,"NNW","26",996.2,6.9,94,8,"NW","28",995
"JUL","2021-07-17",4,8.9,8.2,NA,NA,"WNW",54,"00:17",5.5,82,8,"NW","26",996.9,7,69,8,"NW","30",999.1
"JUL","2021-07-18",3.5,12.6,0.4,NA,NA,"WNW",44,"13:57",8.6,77,NA,"N","20",1013.6,11.3,54,NA,"WNW","31",1014.2
"JUL","2021-07-19",-1,8.3,0.2,NA,NA,"NW",33,"00:00",2.8,99,8,"SSE","9",1019.7,7.9,77,8,"NNW","22",1014.7
"JUL","2021-07-20",2.4,9.5,0.2,NA,NA,"NW",54,"12:36",5.5,94,8,"N","22",1011.6,7.7,86,8,"NNW","30",1005.6
"JUL","2021-07-21",-1.7,10.8,2.8,NA,NA,"SSE",37,"07:10",5.2,65,NA,"SSW","20",1016.8,10.4,41,NA,"SSE","15",1017.1
"JUL","2021-07-22",-6,11.3,0.2,NA,NA,"N",22,"15:41",0,95,NA,NA,"Calm",1020.1,9.6,54,1,"W","11",1014.3
"JUL","2021-07-23",-0.5,8.2,0.2,NA,NA,"E",13,"04:41",4,96,8,"SSE","9",1009.8,6,99,8,"SE","9",1006.1
"JUL","2021-07-24",3.9,10.3,5,NA,NA,"NNW",72,"20:59",8.2,88,5,"NW","24",1003.4,8.7,60,8,"WNW","24",1002.8
"JUL","2021-07-25",1.8,8.8,10.2,NA,NA,"NW",61,"05:31",3.4,87,8,"NW","30",1005.7,5.8,68,8,"NW","26",1009.6
"JUL","2021-07-26",3.4,13.2,2.8,NA,NA,"NW",48,"05:27",8.2,82,7,"N","19",1016.4,11.4,67,7,"WNW","30",1015.9
"JUL","2021-07-27",7.4,15.8,0,NA,NA,"NW",46,"11:49",10.2,78,1,"NNW","22",1018.9,14,51,1,"NNW","33",1015.6
"JUL","2021-07-28",2.4,12.4,0,NA,NA,"NW",59,"09:10",10.7,63,8,"NW","39",1009.3,9.3,96,8,"NW","20",1005.2
"JUL","2021-07-29",2.8,13.3,4.8,NA,NA,"NW",37,"05:06",6.8,62,NA,"WNW","22",1014.9,12.5,42,NA,"NW","26",1015.6
"JUL","2021-07-30",-5,12.9,0,NA,NA,"NNW",33,"14:53",0.3,91,2,"ENE","4",1022.6,11.9,35,NA,"NNW","22",1018.1
"JUL","2021-07-31",-0.3,15.9,0,NA,NA,"WNW",33,"13:41",6.3,80,6,"SSW","9",1015.5,14.2,53,8,"NNW","15",1009.7
"AUG","2021-08-1",2.5,13.6,0.2,NA,NA,"NNW",37,"12:25",8.5,100,8,"SSE","9",1009.1,12.8,67,8,"NW","19",1009.9
"AUG","2021-08-2",-1.8,14.5,0.6,NA,NA,"NE",35,"20:26",0.6,99,8,NA,"Calm",1022,13.8,48,NA,"NNE","17",1016.4
"AUG","2021-08-3",0.6,11.3,9,NA,NA,"NNW",52,"09:54",8,87,8,"NNW","31",1010.2,9.3,66,8,"WNW","30",1009.2
"AUG","2021-08-4",3.2,10.3,3.6,NA,NA,"WNW",54,"12:24",5.9,75,1,"NW","30",1012.8,9.6,56,8,"WNW","28",1014.2
"AUG","2021-08-5",5.8,14.1,0,NA,NA,"NW",44,"00:10",10.2,66,NA,"NW","22",1018.6,12.7,56,NA,"WNW","31",1017.8
"AUG","2021-08-6",4.7,15.8,0,NA,NA,"N",39,"15:43",9.6,63,NA,"WNW","6",1023.7,14.4,55,NA,"N","30",1021.4
"AUG","2021-08-7",-3.4,14.5,0,NA,NA,"NW",41,"14:55",3.4,94,NA,NA,"Calm",1027,12.6,53,NA,"NW","31",1023.7
"AUG","2021-08-8",-2,11.4,0,NA,NA,"ESE",26,"11:48",6.3,89,8,NA,"Calm",1033.8,10.9,60,8,"ENE","13",1031.7
"AUG","2021-08-9",2.3,15.9,0,NA,NA,"NNW",30,"15:33",6.7,89,5,NA,"Calm",1031.5,14.9,50,4,"NW","15",1026.5
"AUG","2021-08-10",-1.2,16.3,0,NA,NA,"NNW",56,"14:45",6,96,NA,NA,"Calm",1028.1,15.4,42,NA,"WNW","30",1024.5
"AUG","2021-08-11",0.5,18.5,0,NA,NA,"WNW",72,"22:05",12.4,72,NA,"NW","31",1024.3,18,62,8,"NNW","33",1019.2
"AUG","2021-08-12",4.1,14.6,4.8,NA,NA,"NNW",39,"13:26",8.7,61,NA,"NNW","13",1026.3,13.4,51,NA,"N","28",1025.2
"AUG","2021-08-13",-2.9,15.7,0,NA,NA,"NW",31,"16:30",1.2,99,6,"E","7",1029.5,15,45,NA,"NW","15",1025.7
"AUG","2021-08-14",-3.7,15.4,0.2,NA,NA,"WNW",26,"13:08",4.1,81,1,"SW","6",1030.8,14.5,39,NA,"NW","17",1026.5
"AUG","2021-08-15",-3.4,15.8,0,NA,NA,"WNW",48,"14:44",1.3,99,8,"SSW","2",1027.3,12.8,45,NA,"WNW","28",1023.1
"AUG","2021-08-16",1.1,12,0,NA,NA,"NW",61,"11:45",9.6,65,NA,"NNW","28",1021.6,10.8,66,NA,"NNW",NA,1020.4
"AUG","2021-08-17",1.9,14.2,0,NA,NA,"WNW",31,"03:19",7.2,76,NA,"N","13",1023.2,13.4,47,NA,"NW","17",1021
"AUG","2021-08-18",-4.9,14.9,0,NA,NA,"NW",35,"13:43",4,88,NA,"NNW","2",1027.2,14.5,51,NA,"NNW","20",1023.2
"AUG","2021-08-19",-3.3,16.3,0,NA,NA,"N",37,"14:44",3.1,99,NA,NA,"Calm",1025.3,14.8,52,8,"NNW","28",1021.8
"AUG","2021-08-20",-1.2,17.1,0,NA,NA,"NNW",44,"13:09",5.7,91,NA,NA,"Calm",1022.2,16.1,42,4,"WNW","24",1018.9
"AUG","2021-08-21",5.4,18.6,0,NA,NA,"NW",48,"06:15",12.7,69,NA,"NNW","15",1019.5,17.6,47,7,"NW","28",1018
"AUG","2021-08-22",0.3,19.9,0,NA,NA,"NW",48,"15:31",8.5,87,NA,NA,"Calm",1022.1,19.8,41,NA,"NW","30",1017
"AUG","2021-08-23",3.9,20.8,0,NA,NA,"NW",70,"11:04",16.8,59,NA,"NNW","37",1012.6,14.8,74,8,"NNW",NA,1010
"AUG","2021-08-24",3.8,9.3,22.2,NA,NA,"SSW",70,"14:24",5.2,90,8,"S","15",1012.4,8.7,69,8,"SSW","39",1009.7
"AUG","2021-08-25",4.9,13.2,0,NA,NA,"SW",52,"00:40",8,65,7,"S","24",1014.9,11.7,60,8,"SSE","19",1014.2
"AUG","2021-08-26",-1.9,14.4,0.2,NA,NA,"S",37,"09:26",7.8,73,NA,"SSW","7",1019.8,13,50,7,"SSE","17",1017.4
"AUG","2021-08-27",5.8,12.3,0,NA,NA,"NW",26,"13:21",8.8,73,8,"W","7",1018.6,10.3,71,8,"SSW","15",1016.1
"AUG","2021-08-28",4.8,15.2,2.2,NA,NA,"NW",31,"14:01",7.3,92,8,"N","2",1019.2,14,58,2,"NW","15",1016.8
"AUG","2021-08-29",0,9.6,0.8,NA,NA,"NW",37,"13:33",6.5,88,4,"N","2",1015.6,7.4,90,8,"E","11",1012.2
"AUG","2021-08-30",-0.3,13.3,3.2,NA,NA,"NNW",35,"15:02",4,100,8,"ENE","2",1020,12.7,62,6,"NNW","26",1017.8
"AUG","2021-08-31",-2.1,17,0.2,NA,NA,"NNW",41,"14:36",6.9,84,NA,NA,"Calm",1023.7,15.3,47,8,"NW","26",1021.6
"SEP","2021-09-1",3,22.7,0,NA,NA,"N",22,"15:44",10,73,6,"SSW","6",1030.2,22.3,29,NA,"N","11",1027.3
"SEP","2021-09-2",0,22.7,0,NA,NA,"N",33,"14:28",12,64,NA,"SSW","4",1030.2,21.3,44,1,"N","20",1024.2
"SEP","2021-09-3",4.8,21.5,0,NA,NA,"NW",43,"10:24",14.7,86,NA,"ESE","4",1025.9,20.7,55,8,"NNW","26",1020.1
"SEP","2021-09-4",7.5,12.8,5,NA,NA,"N",41,"08:48",12.2,99,8,"NNW","24",1019.6,12.2,100,8,"N","11",1015.3
"SEP","2021-09-5",6.1,11.2,39.4,NA,NA,"NNW",41,"09:57",8.3,78,6,"NNW","28",1014.7,8,88,8,"NW","11",1015.9
"SEP","2021-09-6",2.4,15.8,5,NA,NA,"S",46,"10:45",8.7,64,NA,"NNW","6",1025.8,15.4,26,NA,"S","24",1026
"SEP","2021-09-7",-3,18.8,0,NA,NA,"WNW",48,"14:15",10,63,1,"N","30",1026.9,17.5,40,NA,"WNW","30",1024.6
"SEP","2021-09-8",0.4,16.6,0,NA,NA,"NNW",37,"16:35",4.8,100,8,NA,"Calm",1032.8,16.1,53,NA,"NNW","20",1028.1
"SEP","2021-09-9",-0.4,19.9,0,NA,NA,"WNW",61,"17:48",11.1,76,NA,"NNW","22",1028.5,18.9,37,NA,"WNW","28",1022.9
"SEP","2021-09-10",9.1,21.1,0,NA,NA,NA,NA,NA,15.5,50,NA,"N","20",1022.5,20.3,39,1,"NW","33",1020.6
"SEP","2021-09-11",2.6,22.5,0,NA,NA,"NW",56,"10:01",15.5,48,NA,"NW","28",1017.6,21.8,27,NA,"NW","37",1011.9
"SEP","2021-09-12",10.2,NA,0,NA,NA,NA,NA,NA,15.2,51,NA,"NW","22",1006.1,13.4,57,8,"NW","30",1006.4
